{"stats":{"minecraft:mined":{"minecraft:diamond_ore":54,"minecraft:granite":28,"minecraft:grass_block":12,"notreepunching:stone_loose_rock":1,"minecraft:crimson_fungus":1,"minecraft:weeping_vines_plant":1,"minecraft:iron_ore":39,"minecraft:fire":2,"minecraft:andesite":18,"minecraft:stone":403,"minecraft:brown_mushroom":1,"minecraft:crimson_nylium":28,"minecraft:poppy":10,"minecraft:nether_quartz_ore":1,"minecraft:tall_grass":3,"minecraft:cobblestone":5,"minecraft:sugar_cane":3,"minecraft:diorite":13,"minecraft:wall_torch":1,"minecraft:warped_nylium":1,"notreepunching:granite_loose_rock":1,"minecraft:grass":21,"minecraft:oak_log":17,"minecraft:coal_ore":23,"minecraft:gravel":15,"minecraft:sand":3,"minecraft:dirt":30,"minecraft:netherrack":63,"minecraft:gold_ore":14,"minecraft:oak_leaves":29},"minecraft:killed_by":{"minecraft:zombie":3,"alexsmobs:crimson_mosquito":1},"minecraft:used":{"minecraft:poppy":1,"minecraft:shield":7,"minecraft:iron_sword":105,"minecraft:rotten_flesh":5,"minecraft:oak_door":3,"minecraft:torch":2,"minecraft:dirt":59,"minecraft:lily_of_the_valley":1,"minecraft:granite":15,"notreepunching:granite_loose_rock":1,"minecraft:honey_bottle":6,"notreepunching:flint_pickaxe":35,"minecraft:beef":5,"minecraft:oak_sapling":3,"minecraft:cooked_cod":8,"minecraft:egg":1,"minecraft:cooked_mutton":4,"minecraft:water_bucket":3,"minecraft:diorite":6,"minecraft:glass_bottle":43,"minecraft:oak_planks":5,"minecraft:blackstone":14,"minecraft:cauldron":1,"minecraft:sugar_cane":9,"notreepunching:flint_knife":45,"minecraft:golden_apple":1,"minecraft:crafting_table":2,"minecraft:cod":1,"notreepunching:stone_loose_rock":1,"minecraft:diamond_pickaxe":238,"minecraft:chicken":1,"minecraft:bread":1,"minecraft:iron_pickaxe":434,"minecraft:gravel":1,"spartanshields:shield_basic_iron":5,"minecraft:fishing_rod":10,"minecraft:cobblestone":94,"minecraft:potion":46,"minecraft:porkchop":2,"minecraft:cooked_porkchop":3,"minecraft:bucket":4,"alexsmobs:animal_dictionary":1,"nethers_delight:hoglin_loin":4,"notreepunching:gold_saw":17},"minecraft:custom":{"minecraft:mob_kills":35,"minecraft:interact_with_crafting_table":21,"minecraft:fill_cauldron":1,"minecraft:leave_game":3,"minecraft:time_since_death":13958,"minecraft:climb_one_cm":250,"minecraft:sprint_one_cm":388042,"minecraft:walk_one_cm":620824,"minecraft:damage_blocked_by_shield":442,"minecraft:drop":58,"minecraft:deaths":4,"minecraft:sneak_time":7771,"minecraft:walk_under_water_one_cm":10529,"minecraft:jump":2195,"minecraft:walk_on_water_one_cm":51536,"minecraft:interact_with_furnace":25,"minecraft:play_one_minute":240917,"minecraft:sleep_in_bed":2,"minecraft:time_since_rest":13988,"minecraft:damage_taken":1582,"minecraft:damage_dealt":5194,"minecraft:swim_one_cm":3979,"minecraft:fly_one_cm":334310,"minecraft:open_chest":37,"minecraft:crouch_one_cm":21297,"minecraft:fish_caught":1,"minecraft:fall_one_cm":37398},"minecraft:dropped":{"minecraft:iron_ingot":1,"notreepunching:plant_fiber":2,"notreepunching:flint_knife":1,"notreepunching:plant_string":1,"minecraft:wheat_seeds":1,"minecraft:oak_log":4,"minecraft:diamond":6,"minecraft:cooked_porkchop":6,"minecraft:feather":1,"minecraft:cobblestone":574,"minecraft:leather":3,"minecraft:granite":7,"minecraft:coal":25,"minecraft:stick":44,"minecraft:diorite":7,"minecraft:cooked_cod":5,"minecraft:diamond_helmet":2,"minecraft:potion":1,"minecraft:iron_pickaxe":2,"minecraft:string":5,"minecraft:fishing_rod":1,"minecraft:white_wool":2,"minecraft:gold_ingot":12,"minecraft:bone":2,"alexsmobs:maggot":2,"alexsmobs:animal_dictionary":1,"minecraft:wheat":1,"minecraft:poppy":2,"minecraft:shield":1,"minecraft:diamond_chestplate":2,"minecraft:iron_chestplate":1,"minecraft:andesite":18,"minecraft:oak_sapling":1,"minecraft:spider_eye":1,"notreepunching:flint_pickaxe":2,"minecraft:arrow":3,"notreepunching:flint_shard":1},"minecraft:killed":{"alexsmobs:raccoon":2,"minecraft:spider":2,"alexsmobs:tasmanian_devil":1,"minecraft:skeleton":1,"minecraft:chicken":1,"minecraft:piglin":2,"minecraft:parrot":1,"minecraft:pig":4,"minecraft:creeper":1,"alexsmobs:crimson_mosquito":6,"minecraft:sheep":3,"minecraft:zombie":3,"alexsmobs:crow":1,"minecraft:enderman":1,"minecraft:cow":3},"minecraft:crafted":{"minecraft:oak_door":3,"minecraft:oak_planks":32,"notreepunching:plant_fiber":7,"minecraft:cooked_mutton":4,"minecraft:glass":3,"minecraft:diamond_helmet":2,"minecraft:diamond_leggings":1,"minecraft:iron_boots":1,"minecraft:diamond_boots":1,"notreepunching:flint_knife":1,"minecraft:glass_bottle":3,"minecraft:cooked_cod":5,"minecraft:cauldron":1,"minecraft:cooked_porkchop":6,"minecraft:crafting_table":2,"minecraft:iron_sword":1,"minecraft:bucket":1,"minecraft:air":0,"minecraft:string":4,"notreepunching:flint_pickaxe":1,"minecraft:flint":8,"minecraft:stick":48,"minecraft:iron_ingot":33,"minecraft:iron_pickaxe":1,"minecraft:iron_leggings":1,"minecraft:gold_ingot":14,"notreepunching:plant_string":2,"minecraft:diamond_chestplate":2},"minecraft:picked_up":{"minecraft:fishing_rod":2,"minecraft:iron_chestplate":1,"minecraft:chicken":2,"minecraft:brown_mushroom":2,"minecraft:potion":4,"minecraft:enchanted_book":8,"minecraft:shield":4,"minecraft:string":1,"notreepunching:flint_pickaxe":4,"minecraft:blackstone":14,"minecraft:diamond_leggings":1,"minecraft:bucket":4,"minecraft:beef":5,"spartanshields:shield_basic_wood":1,"notreepunching:plant_fiber":3,"minecraft:poppy":14,"minecraft:iron_pickaxe":5,"minecraft:sugar_cane":27,"minecraft:birch_sapling":1,"minecraft:iron_boots":3,"minecraft:egg":1,"notreepunching:flint_shard":11,"minecraft:stick":132,"spartanshields:shield_basic_iron":2,"minecraft:oak_door":2,"minecraft:torch":2,"minecraft:porkchop":8,"minecraft:diorite":13,"notreepunching:gold_saw":1,"minecraft:arrow":5,"minecraft:diamond_chestplate":1,"minecraft:rotten_flesh":7,"minecraft:cooked_cod":8,"minecraft:peony":1,"minecraft:diamond_boots":1,"minecraft:gold_ingot":12,"minecraft:mutton":4,"minecraft:cod":1,"minecraft:white_wool":8,"minecraft:cobblestone":981,"minecraft:feather":10,"minecraft:andesite":18,"minecraft:leather":20,"minecraft:flint":1,"minecraft:oak_log":30,"alexsmobs:mosquito_proboscis":1,"minecraft:dirt":102,"minecraft:cooked_mutton":1,"minecraft:bone":6,"notreepunching:granite_loose_rock":1,"minecraft:wheat_seeds":4,"minecraft:iron_ingot":6,"minecraft:iron_ore":39,"minecraft:diamond_helmet":2,"minecraft:glass_bottle":8,"minecraft:iron_sword":4,"minecraft:oak_planks":98,"notreepunching:plant_string":3,"minecraft:cooked_porkchop":3,"minecraft:quartz":6,"nethers_delight:propelplant_cane":34,"minecraft:gravel":13,"minecraft:sand":3,"minecraft:spectral_arrow":9,"minecraft:lily_of_the_valley":1,"minecraft:gold_ore":14,"alexsmobs:animal_dictionary":3,"minecraft:spider_eye":2,"nethers_delight:hoglin_loin":4,"notreepunching:flint_knife":4,"minecraft:diamond":54,"minecraft:granite":22,"notreepunching:stone_loose_rock":1,"minecraft:bread":1,"alexsmobs:maggot":2,"minecraft:oak_sapling":7,"minecraft:netherrack":169,"minecraft:coal":36,"minecraft:crimson_roots":2,"minecraft:ender_pearl":2,"minecraft:diamond_pickaxe":3},"minecraft:broken":{"minecraft:iron_pickaxe":1}},"DataVersion":2586}