{"stats":{"minecraft:killed":{"minecraft:spider":3,"minecraft:skeleton":4,"minecraft:silverfish":4,"minecraft:piglin":1,"minecraft:parrot":13,"minecraft:pig":1,"minecraft:iron_golem":1,"alexsmobs:crimson_mosquito":5,"minecraft:sheep":1,"minecraft:trader_llama":2,"minecraft:pillager":3,"minecraft:zombie":23,"minecraft:cow":7,"alexsmobs:bone_serpent":1,"alexsmobs:raccoon":1,"minecraft:slime":5,"minecraft:wandering_trader":1,"minecraft:hoglin":2,"minecraft:squid":4,"minecraft:enderman":1},"minecraft:used":{"minecraft:iron_shovel":251,"minecraft:light_gray_stained_glass_pane":4,"minecraft:ladder":7,"minecraft:chest":2,"minecraft:shield":79,"minecraft:iron_sword":405,"minecraft:rotten_flesh":5,"minecraft:mutton":1,"minecraft:snowball":1,"minecraft:lava_bucket":3,"minecraft:quartz_pillar":78,"farmersdelight:rotten_tomato":1,"minecraft:repeater":4,"minecraft:bow":11,"minecraft:oak_sapling":2,"minecraft:potato":51,"minecraft:dark_oak_sapling":4,"minecraft:diorite":7,"minecraft:oak_planks":3,"minecraft:ender_pearl":2,"minecraft:sugar_cane":3,"minecraft:golden_apple":10,"minecraft:dark_oak_trapdoor":16,"minecraft:sand":7,"minecraft:blast_furnace":2,"minecraft:lever":14,"minecraft:bread":16,"minecraft:light_gray_concrete":2,"minecraft:gravel":28,"minecraft:andesite":9,"minecraft:oak_fence":22,"minecraft:enchanting_table":1,"minecraft:redstone":40,"minecraft:spruce_planks":42,"minecraft:cooked_salmon":8,"minecraft:netherrack":1603,"minecraft:oak_door":2,"minecraft:torch":231,"minecraft:dirt":87,"minecraft:target":1,"minecraft:spruce_stairs":9,"minecraft:yellow_carpet":4,"minecraft:golden_shovel":31,"minecraft:granite":5,"farmersdelight:rope":12,"minecraft:bookshelf":15,"minecraft:iron_axe":188,"minecraft:iron_trapdoor":23,"minecraft:cooked_beef":1,"minecraft:enchanted_golden_apple":1,"minecraft:wheat_seeds":176,"farmersdelight:iron_knife":219,"minecraft:water_bucket":63,"farmersdelight:skillet":1,"minecraft:glass_bottle":283,"minecraft:baked_potato":68,"minecraft:gold_ore":4,"minecraft:stonecutter":1,"minecraft:cobblestone_slab":8,"notreepunching:flint_knife":79,"minecraft:warped_roots":1,"minecraft:crafting_table":4,"nethers_delight:hoglin_sirloin":6,"minecraft:white_bed":8,"minecraft:light_gray_concrete_powder":50,"minecraft:spruce_log":1,"minecraft:dark_oak_door":2,"minecraft:oak_log":3,"notreepunching:flint_axe":56,"minecraft:diamond_pickaxe":3628,"minecraft:apple":1,"minecraft:iron_pickaxe":771,"minecraft:spruce_sapling":9,"spartanshields:shield_basic_iron":52,"minecraft:cobblestone":251,"minecraft:potion":274,"toughasnails:purified_water_bottle":6,"minecraft:porkchop":1,"minecraft:bucket":67,"minecraft:yellow_bed":1,"alexsmobs:animal_dictionary":1},"minecraft:killed_by":{"minecraft:creeper":2,"minecraft:pillager":1,"minecraft:piglin":4,"minecraft:silverfish":2,"minecraft:zombie":10,"alexsmobs:grizzly_bear":2,"alexsmobs:bone_serpent":1,"minecraft:spider":1,"minecraft:enderman":4,"alexsmobs:centipede_head":1,"minecraft:skeleton":21,"alexsmobs:crimson_mosquito":1},"minecraft:picked_up":{"minecraft:iron_chestplate":3,"minecraft:wheat":204,"minecraft:iron_trapdoor":11,"minecraft:yellow_wool":6,"minecraft:lead":5,"minecraft:potion":104,"minecraft:enchanted_book":22,"minecraft:golden_shovel":7,"minecraft:stone_brick_stairs":5,"minecraft:string":4,"minecraft:cooked_salmon":21,"minecraft:iron_leggings":22,"alexsmobs:blood_sac":4,"minecraft:diamond_leggings":10,"minecraft:gold_nugget":451,"minecraft:bucket":12,"minecraft:spruce_planks":220,"minecraft:enchanted_golden_apple":2,"minecraft:iron_pickaxe":35,"alexsmobs:raccoon_tail":3,"minecraft:iron_boots":5,"notreepunching:flint_axe":8,"minecraft:dark_oak_door":18,"notreepunching:flint_shard":4,"minecraft:stick":184,"farmersdelight:rotten_tomato":1,"minecraft:oak_fence":60,"minecraft:torch":352,"minecraft:spruce_stairs":2,"minecraft:porkchop":1,"minecraft:diorite":65,"nethers_delight:hoglin_sirloin":10,"minecraft:black_dye":140,"minecraft:quartz_block":2,"minecraft:rotten_flesh":111,"farmersdelight:onion":6,"farmersdelight:rope":18,"minecraft:obsidian":1,"minecraft:snowball":23,"minecraft:cobblestone":1274,"minecraft:enchanting_table":1,"minecraft:magma_block":57,"minecraft:cooked_beef":20,"minecraft:repeater":2,"minecraft:water_bucket":22,"minecraft:andesite":18,"minecraft:potato":277,"minecraft:flint":27,"minecraft:light_gray_dye":1,"minecraft:lapis_lazuli":151,"farmersdelight:tomato":10,"minecraft:dirt":254,"minecraft:glass":5,"minecraft:bone":12,"farmersdelight:iron_knife":37,"minecraft:stonecutter":7,"minecraft:bow":12,"minecraft:wheat_seeds":478,"minecraft:oak_planks":45,"notreepunching:fire_starter":16,"nethers_delight:propelplant_cane":21,"minecraft:sand":158,"minecraft:ink_sac":8,"minecraft:lily_of_the_valley":210,"farmersdelight:ham":24,"alexsmobs:animal_dictionary":33,"minecraft:dark_oak_log":108,"nethers_delight:hoglin_hide":10,"minecraft:light_gray_concrete":2,"minecraft:yellow_carpet":3,"minecraft:diamond":26,"minecraft:lever":2,"minecraft:granite":9,"minecraft:golden_apple":118,"minecraft:bread":66,"minecraft:oak_sapling":27,"minecraft:netherrack":2350,"minecraft:crimson_roots":1,"notreepunching:sandstone_loose_rock":2,"minecraft:diamond_pickaxe":41,"minecraft:crafting_table":11,"minecraft:azure_bluet":4,"minecraft:ladder":1,"minecraft:gold_block":6,"minecraft:shield":29,"minecraft:cornflower":12,"minecraft:iron_axe":28,"minecraft:iron_shovel":37,"minecraft:glass_pane":16,"minecraft:beef":47,"farmersdelight:straw":137,"minecraft:iron_nugget":114,"minecraft:poppy":7,"notreepunching:plant_fiber":12,"minecraft:minecart":2,"minecraft:sugar_cane":166,"minecraft:chest":42,"minecraft:egg":30,"minecraft:dark_oak_sapling":4,"spartanshields:shield_basic_iron":4,"nethers_delight:hoglin_mount":5,"minecraft:gray_dye":9,"farmersdelight:tomato_seeds":31,"minecraft:quartz_pillar":34,"minecraft:redstone":206,"minecraft:light_gray_stained_glass_pane":28,"minecraft:dark_oak_planks":4,"minecraft:arrow":126,"minecraft:weeping_vines":1,"minecraft:diamond_chestplate":36,"minecraft:peony":12,"minecraft:diamond_boots":7,"minecraft:gold_ingot":137,"minecraft:mutton":1,"minecraft:white_wool":5,"minecraft:rail":5,"minecraft:bone_block":2,"minecraft:oxeye_daisy":3,"minecraft:leather":21,"minecraft:crimson_fungus":1,"minecraft:oak_log":166,"minecraft:ancient_debris":5,"minecraft:yellow_bed":2,"farmersdelight:skillet":1,"alexsmobs:mosquito_proboscis":1,"minecraft:paper":128,"minecraft:white_banner":2,"minecraft:apple":44,"minecraft:iron_ingot":81,"minecraft:iron_ore":123,"minecraft:glass_bottle":18,"minecraft:iron_sword":36,"minecraft:book":2,"notreepunching:plant_string":6,"minecraft:pumpkin":8,"minecraft:quartz":349,"minecraft:dandelion":4,"minecraft:gravel":176,"minecraft:blast_furnace":2,"minecraft:spruce_sapling":15,"minecraft:white_bed":11,"minecraft:spruce_log":169,"minecraft:gold_ore":96,"minecraft:crying_obsidian":20,"nethers_delight:hoglin_loin":21,"notreepunching:flint_knife":30,"minecraft:slime_ball":4,"minecraft:iron_helmet":19,"notreepunching:stone_loose_rock":10,"minecraft:warped_roots":2,"minecraft:baked_potato":858,"minecraft:coal":187,"minecraft:ender_pearl":4},"minecraft:custom":{"minecraft:animals_bred":12,"minecraft:interact_with_crafting_table":110,"minecraft:leave_game":7,"minecraft:time_since_death":20830,"minecraft:damage_resisted":88,"minecraft:sprint_one_cm":1689139,"minecraft:damage_blocked_by_shield":6915,"minecraft:drop":66,"minecraft:deaths":53,"minecraft:jump":9731,"minecraft:walk_on_water_one_cm":109465,"minecraft:interact_with_furnace":37,"minecraft:play_one_minute":780688,"minecraft:sleep_in_bed":30,"minecraft:damage_dealt":17084,"minecraft:crouch_one_cm":364454,"minecraft:mob_kills":90,"minecraft:climb_one_cm":12369,"minecraft:walk_one_cm":1154502,"minecraft:target_hit":3,"minecraft:sneak_time":149429,"minecraft:walk_under_water_one_cm":60340,"minecraft:interact_with_blast_furnace":25,"minecraft:interact_with_stonecutter":7,"minecraft:time_since_rest":13449,"minecraft:damage_taken":17844,"minecraft:damage_absorbed":522,"minecraft:swim_one_cm":102813,"minecraft:fly_one_cm":1285460,"minecraft:open_chest":277,"minecraft:fall_one_cm":202029},"minecraft:mined":{"minecraft:spruce_planks":2,"minecraft:white_bed":8,"minecraft:obsidian":1,"minecraft:granite":7,"minecraft:grass_block":28,"minecraft:infested_cobblestone":3,"minecraft:yellow_carpet":1,"minecraft:crimson_fungus":1,"minecraft:oxeye_daisy":3,"minecraft:weeping_vines_plant":1,"minecraft:magma_block":21,"minecraft:iron_ore":59,"minecraft:fire":7,"minecraft:pumpkin":2,"minecraft:enchanting_table":1,"minecraft:light_gray_concrete":2,"minecraft:blackstone":2,"minecraft:crimson_nylium":16,"minecraft:torch":24,"minecraft:blast_furnace":2,"minecraft:nether_quartz_ore":291,"minecraft:cobblestone":58,"minecraft:sugar_cane":85,"minecraft:oak_planks":1,"minecraft:wall_torch":11,"minecraft:warped_nylium":15,"minecraft:repeater":2,"minecraft:yellow_wool":2,"minecraft:wheat":140,"minecraft:stone_brick_stairs":1,"minecraft:grass":66,"minecraft:oak_log":62,"minecraft:oak_fence_gate":1,"minecraft:sand":59,"minecraft:dirt":61,"minecraft:netherrack":3329,"minecraft:stonecutter":1,"minecraft:ancient_debris":3,"notreepunching:sandstone_loose_rock":1,"minecraft:oak_leaves":149,"minecraft:nether_gold_ore":66,"minecraft:crying_obsidian":5,"minecraft:dark_oak_leaves":80,"minecraft:dark_oak_log":38,"minecraft:lever":2,"minecraft:ladder":1,"minecraft:crimson_roots":1,"minecraft:redstone_wire":4,"minecraft:spruce_leaves":86,"minecraft:redstone_ore":30,"minecraft:spruce_sapling":1,"minecraft:snow":12,"minecraft:andesite":16,"minecraft:peony":3,"minecraft:gold_block":2,"minecraft:potatoes":75,"farmersdelight:rope":3,"minecraft:stone":249,"minecraft:lily_of_the_valley":9,"minecraft:oak_fence":19,"minecraft:crafting_table":2,"minecraft:cornflower":12,"minecraft:warped_roots":1,"minecraft:tall_grass":6,"minecraft:lapis_ore":8,"minecraft:diorite":44,"farmersdelight:skillet":1,"minecraft:spruce_log":82,"minecraft:birch_leaves":9,"minecraft:quartz_pillar":6,"minecraft:yellow_bed":2,"minecraft:coal_ore":71,"minecraft:gravel":141,"minecraft:gold_ore":58,"minecraft:iron_trapdoor":11,"minecraft:infested_stone":4},"minecraft:broken":{"notreepunching:flint_knife":1,"notreepunching:flint_axe":1,"minecraft:diamond_pickaxe":1,"minecraft:shield":2,"minecraft:iron_pickaxe":3,"minecraft:iron_helmet":1},"minecraft:dropped":{"farmersdelight:iron_knife":2,"minecraft:iron_sword":1,"notreepunching:flint_knife":3,"minecraft:glass_bottle":1,"minecraft:flint":2,"minecraft:dirt":1,"minecraft:crimson_roots":1,"minecraft:white_wool":1,"minecraft:wheat":1,"minecraft:rotten_flesh":12,"minecraft:golden_shovel":2,"alexsmobs:blood_sac":7,"notreepunching:stone_loose_rock":1,"minecraft:chest":1,"minecraft:netherrack":233,"farmersdelight:tomato_seeds":4,"minecraft:wheat_seeds":84,"minecraft:iron_helmet":1,"minecraft:cobblestone":4,"minecraft:granite":2,"minecraft:diorite":4,"minecraft:potion":3,"minecraft:iron_leggings":4,"minecraft:iron_axe":1,"minecraft:iron_shovel":1,"minecraft:iron_boots":1,"minecraft:iron_chestplate":1,"minecraft:diamond_pickaxe":5,"minecraft:andesite":1,"minecraft:oak_sapling":4},"minecraft:crafted":{"minecraft:light_gray_concrete_powder":72,"minecraft:black_dye":8,"minecraft:oak_planks":112,"farmersdelight:canvas":29,"minecraft:stone":6,"minecraft:lever":12,"minecraft:bookshelf":15,"minecraft:quartz_pillar":76,"nethers_delight:hoglin_mount":1,"minecraft:glass":14,"minecraft:dark_oak_door":3,"minecraft:quartz_block":78,"minecraft:repeater":2,"minecraft:diamond_leggings":1,"minecraft:iron_boots":2,"minecraft:chest":10,"minecraft:oak_fence":3,"minecraft:glass_bottle":3,"notreepunching:fire_starter":1,"minecraft:target":1,"minecraft:arrow":4,"minecraft:crafting_table":4,"minecraft:spruce_planks":142,"farmersdelight:iron_knife":1,"minecraft:iron_helmet":2,"minecraft:baked_potato":96,"minecraft:hay_block":1,"minecraft:iron_chestplate":1,"minecraft:book":46,"minecraft:paper":162,"minecraft:diamond_pickaxe":2,"minecraft:shield":2,"minecraft:stick":96,"minecraft:iron_ingot":36,"minecraft:iron_pickaxe":3,"minecraft:gold_ingot":83,"minecraft:light_gray_dye":11,"minecraft:redstone_torch":4,"minecraft:light_gray_stained_glass_pane":8,"minecraft:oak_door":3,"minecraft:dark_oak_trapdoor":16,"minecraft:gray_dye":10,"minecraft:bone_meal":12,"minecraft:glass_pane":16,"minecraft:spruce_stairs":12,"minecraft:iron_axe":2,"minecraft:ladder":6,"nethers_delight:hoglin_sirloin":6,"minecraft:diamond_boots":1,"minecraft:netherite_scrap":1,"minecraft:dark_oak_planks":76,"notreepunching:flint_knife":2,"minecraft:cooked_beef":5,"minecraft:iron_trapdoor":15,"minecraft:yellow_carpet":3,"minecraft:iron_sword":2,"minecraft:bucket":1,"minecraft:bread":6,"minecraft:air":0,"minecraft:golden_apple":9,"minecraft:white_dye":12,"minecraft:iron_shovel":1,"minecraft:iron_leggings":1,"notreepunching:flint_axe":1,"notreepunching:plant_string":4,"minecraft:torch":172,"minecraft:diamond_chestplate":1}},"DataVersion":2586}