{"stats":{"minecraft:mined":{"minecraft:obsidian":15,"minecraft:granite":1,"minecraft:grass_block":102,"minecraft:yellow_carpet":2,"minecraft:crimson_fungus":1,"minecraft:iron_ore":224,"minecraft:fire":1,"minecraft:crimson_nylium":5,"minecraft:nether_quartz_ore":66,"minecraft:cobblestone":16,"minecraft:sugar_cane":174,"minecraft:oak_planks":1,"minecraft:wall_torch":1,"minecraft:cauldron":1,"minecraft:birch_log":12,"minecraft:wheat":12,"minecraft:grass":148,"minecraft:oak_log":162,"minecraft:sand":12,"minecraft:dirt":19,"minecraft:netherrack":171,"minecraft:oak_leaves":358,"minecraft:diamond_ore":33,"farmersdelight:wild_carrots":5,"notreepunching:stone_loose_rock":1,"minecraft:crimson_roots":3,"farmersdelight:tomatoes":10,"minecraft:redstone_ore":3,"minecraft:furnace":1,"minecraft:carrots":6,"notreepunching:diorite_loose_rock":1,"minecraft:peony":5,"minecraft:potatoes":74,"minecraft:stone":159,"minecraft:lily_of_the_valley":4,"minecraft:dandelion":6,"minecraft:crafting_table":3,"minecraft:warped_roots":1,"minecraft:tall_grass":3,"minecraft:lapis_ore":10,"minecraft:diorite":3,"minecraft:birch_leaves":27,"minecraft:coal_ore":331,"minecraft:gravel":43,"minecraft:gold_ore":99},"minecraft:used":{"minecraft:oak_sign":3,"minecraft:chest":4,"minecraft:shield":87,"minecraft:iron_sword":177,"minecraft:rotten_flesh":12,"minecraft:carrot":32,"minecraft:obsidian":11,"minecraft:glass":1,"notreepunching:flint_hoe":61,"farmersdelight:tomato":6,"minecraft:birch_sapling":1,"minecraft:bow":14,"minecraft:furnace":5,"minecraft:cooked_cod":2,"minecraft:egg":1,"minecraft:potato":152,"minecraft:sugar_cane":81,"toughasnails:water_canteen":7,"minecraft:white_wool":1,"minecraft:bread":2,"minecraft:gravel":14,"minecraft:diamond_sword":310,"minecraft:birch_log":1,"minecraft:bone_meal":36,"minecraft:oak_fence":3,"minecraft:enchanting_table":1,"minecraft:flint_and_steel":1,"toughasnails:water_purifier":1,"notreepunching:diorite_loose_rock":1,"minecraft:cooked_salmon":24,"minecraft:netherrack":83,"minecraft:oak_door":1,"minecraft:torch":14,"minecraft:dirt":145,"minecraft:anvil":1,"toughasnails:empty_canteen":2,"minecraft:yellow_carpet":5,"minecraft:iron_hoe":101,"alexsmobs:maggot":2,"minecraft:iron_axe":173,"notreepunching:flint_pickaxe":66,"minecraft:tripwire_hook":1,"farmersdelight:tomato_seeds":38,"minecraft:wheat_seeds":39,"minecraft:water_bucket":18,"farmersdelight:skillet":1,"farmersdelight:tomato_crate":4,"minecraft:glass_bottle":226,"minecraft:baked_potato":47,"minecraft:cauldron":1,"notreepunching:flint_knife":75,"minecraft:crafting_table":5,"minecraft:dark_oak_door":1,"notreepunching:flint_shovel":60,"notreepunching:flint_axe":30,"minecraft:diamond_pickaxe":1073,"minecraft:apple":4,"minecraft:iron_pickaxe":5,"minecraft:fishing_rod":26,"minecraft:crimson_fungus":2,"minecraft:cobblestone":152,"minecraft:potion":227,"minecraft:cooked_porkchop":3,"toughasnails:purified_water_canteen":7,"minecraft:bucket":20,"notreepunching:gold_saw":1},"minecraft:dropped":{"minecraft:iron_sword":1,"notreepunching:plant_fiber":1,"notreepunching:flint_knife":1,"minecraft:glass_bottle":1,"minecraft:diamond":26,"minecraft:warped_roots":1,"minecraft:dirt":9,"minecraft:cornflower":12,"minecraft:crimson_roots":1,"minecraft:cooked_cod":6,"minecraft:sand":1,"minecraft:iron_pickaxe":1,"minecraft:white_wool":1,"minecraft:fishing_rod":1,"alexsmobs:raccoon_tail":1,"minecraft:bone":4,"minecraft:oak_door":2,"notreepunching:gold_saw":1,"minecraft:gravel":8,"alexsmobs:animal_dictionary":1,"minecraft:birch_sapling":7,"minecraft:rotten_flesh":27,"minecraft:gunpowder":4,"notreepunching:stone_loose_rock":10,"minecraft:chainmail_boots":1,"notreepunching:flint_pickaxe":1,"minecraft:arrow":1,"minecraft:netherrack":59,"minecraft:iron_ingot":14,"minecraft:bread":1,"minecraft:wheat_seeds":18,"spartanshields:shield_basic_wood":1,"minecraft:poisonous_potato":6,"minecraft:cobblestone":65,"minecraft:feather":3,"minecraft:granite":1,"minecraft:stick":1,"minecraft:oxeye_daisy":3,"minecraft:diorite":24,"minecraft:cooked_salmon":8,"minecraft:potion":6,"minecraft:iron_leggings":1,"minecraft:string":4,"minecraft:spruce_sapling":1,"minecraft:redstone":48,"spartanshields:shield_basic_iron":1,"minecraft:iron_boots":2,"alexsmobs:bear_fur":2,"minecraft:lily_of_the_valley":2,"minecraft:shield":3,"minecraft:peony":6,"minecraft:iron_chestplate":1,"minecraft:diamond_pickaxe":2,"minecraft:oak_sapling":59,"minecraft:spider_eye":5},"minecraft:killed_by":{"minecraft:creeper":1,"minecraft:zombie":5,"alexsmobs:bone_serpent":1,"minecraft:enderman":2,"alexsmobs:centipede_head":2,"minecraft:hoglin":1,"minecraft:skeleton":1,"alexsmobs:crimson_mosquito":1},"minecraft:broken":{"notreepunching:flint_knife":1,"notreepunching:flint_hoe":1,"notreepunching:flint_shovel":1},"minecraft:killed":{"minecraft:zombified_piglin":2,"minecraft:spider":10,"minecraft:skeleton":15,"minecraft:guardian":3,"minecraft:chicken":3,"alexsmobs:centipede_head":1,"minecraft:piglin":2,"minecraft:parrot":1,"alexsmobs:grizzly_bear":1,"minecraft:zombie_villager":1,"minecraft:salmon":21,"minecraft:creeper":7,"alexsmobs:crimson_mosquito":12,"minecraft:sheep":1,"minecraft:zombie":45,"alexsmobs:fly":3,"minecraft:cow":15,"alexsmobs:raccoon":2,"alexsmobs:tasmanian_devil":1,"minecraft:horse":1,"minecraft:hoglin":3,"alexsmobs:crow":8,"minecraft:enderman":3},"minecraft:custom":{"minecraft:animals_bred":15,"minecraft:interact_with_crafting_table":102,"minecraft:bell_ring":2,"minecraft:leave_game":21,"minecraft:time_since_death":0,"minecraft:sprint_one_cm":886379,"minecraft:damage_blocked_by_shield":4269,"minecraft:drop":111,"minecraft:deaths":15,"minecraft:jump":4702,"minecraft:walk_on_water_one_cm":121890,"minecraft:enchant_item":5,"minecraft:interact_with_furnace":124,"minecraft:play_one_minute":547553,"minecraft:sleep_in_bed":9,"minecraft:damage_dealt":27622,"minecraft:crouch_one_cm":17424,"minecraft:use_cauldron":24,"minecraft:mob_kills":163,"minecraft:interact_with_anvil":3,"minecraft:fill_cauldron":1,"minecraft:walk_one_cm":1070382,"minecraft:sneak_time":13409,"minecraft:walk_under_water_one_cm":45864,"minecraft:interact_with_blast_furnace":1,"minecraft:time_since_rest":0,"minecraft:damage_taken":6952,"minecraft:swim_one_cm":102495,"minecraft:fly_one_cm":712242,"minecraft:open_chest":157,"minecraft:fish_caught":21,"minecraft:fall_one_cm":79393},"minecraft:crafted":{"minecraft:oak_planks":326,"minecraft:oak_sign":3,"spartanshields:shield_basic_iron":2,"notreepunching:flint_shovel":1,"minecraft:glass":9,"minecraft:bow":2,"minecraft:diamond_leggings":1,"minecraft:iron_boots":1,"minecraft:chest":4,"spartanshields:shield_basic_wood":2,"minecraft:glass_bottle":3,"farmersdelight:tomato_seeds":19,"minecraft:arrow":32,"minecraft:crafting_table":2,"minecraft:iron_helmet":1,"minecraft:baked_potato":156,"minecraft:charcoal":11,"minecraft:book":1,"minecraft:iron_chestplate":1,"minecraft:paper":3,"minecraft:diamond_pickaxe":2,"notreepunching:flint_pickaxe":2,"toughasnails:water_purifier":1,"minecraft:shield":2,"minecraft:stick":2,"minecraft:iron_ingot":239,"minecraft:iron_pickaxe":2,"minecraft:iron_block":3,"minecraft:gold_ingot":117,"toughasnails:empty_canteen":2,"minecraft:oak_door":3,"minecraft:fishing_rod":3,"notreepunching:flint_hoe":1,"minecraft:furnace":4,"minecraft:bone_meal":36,"notreepunching:plant_fiber":8,"minecraft:flint_and_steel":1,"farmersdelight:tomato_crate":4,"minecraft:iron_axe":2,"minecraft:iron_hoe":1,"minecraft:diamond_boots":2,"notreepunching:flint_knife":2,"minecraft:cooked_cod":5,"minecraft:diamond_sword":1,"minecraft:enchanting_table":1,"minecraft:iron_sword":2,"minecraft:cooked_salmon":32,"minecraft:bucket":1,"minecraft:bread":3,"minecraft:air":0,"minecraft:cobblestone":1,"minecraft:golden_apple":6,"minecraft:flint":16,"minecraft:iron_leggings":1,"minecraft:anvil":1,"notreepunching:flint_axe":1,"notreepunching:plant_string":6,"minecraft:torch":4},"minecraft:picked_up":{"minecraft:iron_chestplate":4,"minecraft:wheat":33,"minecraft:chainmail_boots":1,"minecraft:diamond_sword":8,"minecraft:potion":22,"minecraft:enchanted_book":18,"minecraft:string":40,"minecraft:cooked_salmon":21,"minecraft:iron_leggings":2,"alexsmobs:blood_sac":12,"minecraft:diamond_leggings":7,"minecraft:gold_nugget":2,"minecraft:bucket":2,"spartanshields:shield_basic_wood":1,"minecraft:iron_pickaxe":4,"alexsmobs:raccoon_tail":2,"minecraft:furnace":5,"minecraft:iron_boots":4,"notreepunching:flint_axe":1,"minecraft:dark_oak_door":1,"notreepunching:flint_shard":30,"minecraft:stick":474,"minecraft:oak_fence":3,"notreepunching:flint_hoe":4,"minecraft:torch":48,"minecraft:diorite":6,"alexsmobs:centipede_leg":2,"minecraft:cauldron":1,"minecraft:rotten_flesh":52,"farmersdelight:rope":18,"minecraft:obsidian":51,"minecraft:cod":10,"notreepunching:diorite_loose_rock":1,"minecraft:cobblestone":512,"minecraft:birch_log":12,"minecraft:feather":16,"minecraft:water_bucket":4,"minecraft:potato":285,"alexsmobs:bear_fur":2,"minecraft:flint":9,"minecraft:lapis_lazuli":233,"farmersdelight:tomato":73,"minecraft:dirt":158,"minecraft:bone":38,"minecraft:bow":13,"minecraft:wheat_seeds":170,"minecraft:diamond_helmet":8,"minecraft:oak_planks":255,"toughasnails:purified_water_canteen":4,"minecraft:cooked_porkchop":9,"minecraft:sand":15,"nethers_delight:propelplant_cane":9,"minecraft:poisonous_potato":6,"minecraft:lily_of_the_valley":4,"alexsmobs:animal_dictionary":4,"minecraft:iron_hoe":5,"minecraft:yellow_carpet":5,"minecraft:diamond":59,"minecraft:granite":1,"minecraft:golden_apple":14,"alexsmobs:maggot":2,"minecraft:oak_sapling":69,"minecraft:netherrack":401,"minecraft:crimson_roots":1,"minecraft:diamond_pickaxe":9,"minecraft:charcoal":2,"minecraft:fishing_rod":9,"minecraft:crafting_table":6,"minecraft:shield":10,"minecraft:iron_axe":8,"notreepunching:flint_pickaxe":5,"minecraft:flint_and_steel":4,"notreepunching:flint_shovel":7,"minecraft:beef":30,"notreepunching:plant_fiber":11,"minecraft:sugar_cane":324,"minecraft:birch_sapling":8,"minecraft:egg":1,"spartanshields:shield_basic_iron":2,"minecraft:oak_door":6,"farmersdelight:tomato_seeds":10,"minecraft:carrot":28,"minecraft:redstone":8,"notreepunching:gold_saw":1,"minecraft:arrow":179,"minecraft:diamond_chestplate":9,"minecraft:cooked_cod":3,"minecraft:peony":4,"minecraft:diamond_boots":4,"minecraft:gold_ingot":131,"minecraft:mutton":2,"minecraft:white_wool":4,"minecraft:bone_block":1,"minecraft:tripwire_hook":1,"minecraft:salmon":53,"minecraft:leather":22,"minecraft:crimson_fungus":4,"minecraft:oak_log":174,"minecraft:gunpowder":11,"farmersdelight:skillet":4,"alexsmobs:mosquito_proboscis":4,"minecraft:apple":16,"minecraft:iron_ingot":247,"minecraft:iron_ore":260,"minecraft:glass_bottle":21,"minecraft:iron_sword":4,"notreepunching:plant_string":6,"minecraft:quartz":114,"minecraft:dandelion":6,"minecraft:gravel":50,"minecraft:gold_ore":127,"minecraft:spider_eye":10,"nethers_delight:hoglin_loin":18,"notreepunching:flint_knife":7,"minecraft:iron_helmet":4,"notreepunching:stone_loose_rock":9,"minecraft:warped_roots":1,"minecraft:baked_potato":223,"minecraft:coal":478,"minecraft:ender_pearl":4}},"DataVersion":2586}